INSERT INTO `building` (`id`, `name`, `street`, `ward`, `district`, `structure`, `numberofbasement`, `floorarea`, `managername`, `managerphone`, `direction`, `level`, `rentcost`, `rentcostdescription`, `servicefee`, `carfee`, `motofee`, `overtimefee`, `waterfee`, `electricityfee`, `deposit`, `payment`, `renttime`, `decorationtime`, `brokeragefee`, `type`, `note`, `linkofbuilding`, `map`, `avatar`, `createddate`, `modifieddate`, `createdby`, `modifiedby`) VALUES (1,'Nam Giao Building Tower','59 phan xích long','Phường 2','QUAN_5','',2,500,'Khánh Linh','0234568244','Nam','2',20,NULL,'400','500','200','300',NULL,'500','20','40','5 năm',NULL,20.00,'NOI_THAT,TANG_TRET',NULL,NULL,NULL,NULL,NULL,'2022-08-03 17:29:54',NULL,'phiyen91');
INSERT INTO `building` (`id`, `name`, `street`, `ward`, `district`, `structure`, `numberofbasement`, `floorarea`, `managername`, `managerphone`, `direction`, `level`, `rentcost`, `rentcostdescription`, `servicefee`, `carfee`, `motofee`, `overtimefee`, `waterfee`, `electricityfee`, `deposit`, `payment`, `renttime`, `decorationtime`, `brokeragefee`, `type`, `note`, `linkofbuilding`, `map`, `avatar`, `createddate`, `modifieddate`, `createdby`, `modifiedby`) VALUES (2,'ACM Tower','96 cao thắng','Phường 4','QUAN_3','',2,650,'Quốc Bảo','0234568322','Đông','1',18,NULL,'300','200','100','200',NULL,'500','20','40','10 năm',NULL,NULL,'TANG_TRET,NGUYEN_CAN',NULL,NULL,NULL,NULL,NULL,'2022-06-22 21:28:15',NULL,'nguyenvana');
INSERT INTO `building` (`id`, `name`, `street`, `ward`, `district`, `structure`, `numberofbasement`, `floorarea`, `managername`, `managerphone`, `direction`, `level`, `rentcost`, `rentcostdescription`, `servicefee`, `carfee`, `motofee`, `overtimefee`, `waterfee`, `electricityfee`, `deposit`, `payment`, `renttime`, `decorationtime`, `brokeragefee`, `type`, `note`, `linkofbuilding`, `map`, `avatar`, `createddate`, `modifieddate`, `createdby`, `modifiedby`) VALUES (3,'Alpha 2 Building Tower','153 nguyễn đình chiểu','Phường 6','QUAN_1','',1,200,'Nguyễn Văn A','0234568254','Nam','3',20,NULL,'300','200','200','300',NULL,'500','20','40','5 năm',NULL,10.00,'TANG_TRET,NGUYEN_CAN',NULL,NULL,NULL,NULL,NULL,'2022-06-22 21:31:24',NULL,'nguyenvana');
INSERT INTO `building` (`id`, `name`, `street`, `ward`, `district`, `structure`, `numberofbasement`, `floorarea`, `managername`, `managerphone`, `direction`, `level`, `rentcost`, `rentcostdescription`, `servicefee`, `carfee`, `motofee`, `overtimefee`, `waterfee`, `electricityfee`, `deposit`, `payment`, `renttime`, `decorationtime`, `brokeragefee`, `type`, `note`, `linkofbuilding`, `map`, `avatar`, `createddate`, `modifieddate`, `createdby`, `modifiedby`) VALUES (4,'IDD 1 Building','111 Lý Chính Thắng','Phường 7','QUAN_4','',1,200,'Quốc Bảo','0234568322','Đông','2',12,NULL,'300','500','200','300',NULL,'500','20','40','5 năm',NULL,20.00,'NOI_THAT',NULL,NULL,NULL,NULL,NULL,'2022-07-20 11:06:16',NULL,'phiyen91');
INSERT INTO `building` (`id`, `name`, `street`, `ward`, `district`, `structure`, `numberofbasement`, `floorarea`, `managername`, `managerphone`, `direction`, `level`, `rentcost`, `rentcostdescription`, `servicefee`, `carfee`, `motofee`, `overtimefee`, `waterfee`, `electricityfee`, `deposit`, `payment`, `renttime`, `decorationtime`, `brokeragefee`, `type`, `note`, `linkofbuilding`, `map`, `avatar`, `createddate`, `modifieddate`, `createdby`, `modifiedby`) VALUES (53,'Nguyễn Đặng Khánh Linh','20 hoàng hoa thám','11','QUAN_7','',2,340,'Khánh Linh','0234568244','Tây Nam','1',14,NULL,'','','','',NULL,'','','','',NULL,NULL,'TANG_TRET,NGUYEN_CAN',NULL,NULL,NULL,NULL,NULL,'2022-08-03 22:53:08',NULL,'thuyhoa95');
INSERT INTO `building` (`id`, `name`, `street`, `ward`, `district`, `structure`, `numberofbasement`, `floorarea`, `managername`, `managerphone`, `direction`, `level`, `rentcost`, `rentcostdescription`, `servicefee`, `carfee`, `motofee`, `overtimefee`, `waterfee`, `electricityfee`, `deposit`, `payment`, `renttime`, `decorationtime`, `brokeragefee`, `type`, `note`, `linkofbuilding`, `map`, `avatar`, `createddate`, `modifieddate`, `createdby`, `modifiedby`) VALUES (59,'Grab Tower','150 Nguyễn Thị Định','Phường 3','QUAN_7','',2,400,'Khánh Linh','0234568244','Tây','2',25,NULL,'','','','',NULL,'','','','',NULL,NULL,'TANG_TRET,NGUYEN_CAN',NULL,NULL,NULL,NULL,NULL,'2022-07-18 22:45:17',NULL,'quocbao00');
INSERT INTO `building` (`id`, `name`, `street`, `ward`, `district`, `structure`, `numberofbasement`, `floorarea`, `managername`, `managerphone`, `direction`, `level`, `rentcost`, `rentcostdescription`, `servicefee`, `carfee`, `motofee`, `overtimefee`, `waterfee`, `electricityfee`, `deposit`, `payment`, `renttime`, `decorationtime`, `brokeragefee`, `type`, `note`, `linkofbuilding`, `map`, `avatar`, `createddate`, `modifieddate`, `createdby`, `modifiedby`) VALUES (71,'VinTower 2','65 Lê Văn Việt','Phường 3','QUAN_BINH_THANH','300x500',1,450,'Quốc Bảo','0234568322','Bắc','2',30,NULL,'500','500','200','100',NULL,'600','60','40','5 năm',NULL,10.00,'TANG_TRET,NGUYEN_CAN',NULL,NULL,NULL,NULL,NULL,'2022-08-03 08:39:25',NULL,'phiyen91');
INSERT INTO `building` (`id`, `name`, `street`, `ward`, `district`, `structure`, `numberofbasement`, `floorarea`, `managername`, `managerphone`, `direction`, `level`, `rentcost`, `rentcostdescription`, `servicefee`, `carfee`, `motofee`, `overtimefee`, `waterfee`, `electricityfee`, `deposit`, `payment`, `renttime`, `decorationtime`, `brokeragefee`, `type`, `note`, `linkofbuilding`, `map`, `avatar`, `createddate`, `modifieddate`, `createdby`, `modifiedby`) VALUES (72,'Nam Giao Building Tower 2','77 Phan Văn Lưu','Phường 8','QUAN_BINH_THANH','400x500',2,400,'Phi Yến','0234568333','Nam','2',20,NULL,'300','400','200','300',NULL,'200','10','20','10 năm',NULL,20.00,'NOI_THAT,TANG_TRET',NULL,NULL,NULL,NULL,'2022-08-02 20:41:05','2022-08-02 20:46:16','phiyen91','phiyen91');
INSERT INTO `building` (`id`, `name`, `street`, `ward`, `district`, `structure`, `numberofbasement`, `floorarea`, `managername`, `managerphone`, `direction`, `level`, `rentcost`, `rentcostdescription`, `servicefee`, `carfee`, `motofee`, `overtimefee`, `waterfee`, `electricityfee`, `deposit`, `payment`, `renttime`, `decorationtime`, `brokeragefee`, `type`, `note`, `linkofbuilding`, `map`, `avatar`, `createddate`, `modifieddate`, `createdby`, `modifiedby`) VALUES (134,'Bình Minh','210 Lê Duẩn','Phường 3','QUAN_1','300x600',3,400,'Phi Yến','0234568333','Tây Bắc','1',50,NULL,'300','700','300','300',NULL,'700','50','80','5 năm',NULL,20.00,'TANG_TRET',NULL,NULL,NULL,NULL,'2022-08-03 11:19:23','2022-08-03 11:19:23','phiyen91','phiyen91');
INSERT INTO `building` (`id`, `name`, `street`, `ward`, `district`, `structure`, `numberofbasement`, `floorarea`, `managername`, `managerphone`, `direction`, `level`, `rentcost`, `rentcostdescription`, `servicefee`, `carfee`, `motofee`, `overtimefee`, `waterfee`, `electricityfee`, `deposit`, `payment`, `renttime`, `decorationtime`, `brokeragefee`, `type`, `note`, `linkofbuilding`, `map`, `avatar`, `createddate`, `modifieddate`, `createdby`, `modifiedby`) VALUES (135,'Hoàng Anh Gia Lai 2','123 Ngô Quyền','Phường 8','QUAN_6','300x500',3,500,'Phi Yến','0234568333','Nam','2',20,NULL,'400','200','200','300',NULL,'500','30','20','10 năm',NULL,30.00,'NGUYEN_CAN',NULL,NULL,NULL,NULL,'2022-08-03 11:20:48','2022-08-03 11:20:48','phiyen91','phiyen91');
INSERT INTO `building` (`id`, `name`, `street`, `ward`, `district`, `structure`, `numberofbasement`, `floorarea`, `managername`, `managerphone`, `direction`, `level`, `rentcost`, `rentcostdescription`, `servicefee`, `carfee`, `motofee`, `overtimefee`, `waterfee`, `electricityfee`, `deposit`, `payment`, `renttime`, `decorationtime`, `brokeragefee`, `type`, `note`, `linkofbuilding`, `map`, `avatar`, `createddate`, `modifieddate`, `createdby`, `modifiedby`) VALUES (136,'Điện Máy Xanh','35 Nguyễn Thị Đinh','Phường 9','QUAN_6','200x300',1,300,'Quốc Bảo','0234568322','Đông','1',30,NULL,'','200','','',NULL,'600','','40','5 năm',NULL,NULL,'TANG_TRET',NULL,NULL,NULL,NULL,'2022-08-03 11:22:39','2022-08-03 13:03:08','phiyen91','phiyen91');
INSERT INTO `building` (`id`, `name`, `street`, `ward`, `district`, `structure`, `numberofbasement`, `floorarea`, `managername`, `managerphone`, `direction`, `level`, `rentcost`, `rentcostdescription`, `servicefee`, `carfee`, `motofee`, `overtimefee`, `waterfee`, `electricityfee`, `deposit`, `payment`, `renttime`, `decorationtime`, `brokeragefee`, `type`, `note`, `linkofbuilding`, `map`, `avatar`, `createddate`, `modifieddate`, `createdby`, `modifiedby`) VALUES (137,'Thế giới di động','140 Quang Trung','','QUAN_5','200x300',3,NULL,'Phi Yến','0234568333','Bắc','2',20,NULL,'','500','','',NULL,'','30','','',NULL,NULL,'',NULL,NULL,NULL,NULL,'2022-08-03 11:23:42','2022-08-03 13:03:02','phiyen91','phiyen91');
INSERT INTO `building` (`id`, `name`, `street`, `ward`, `district`, `structure`, `numberofbasement`, `floorarea`, `managername`, `managerphone`, `direction`, `level`, `rentcost`, `rentcostdescription`, `servicefee`, `carfee`, `motofee`, `overtimefee`, `waterfee`, `electricityfee`, `deposit`, `payment`, `renttime`, `decorationtime`, `brokeragefee`, `type`, `note`, `linkofbuilding`, `map`, `avatar`, `createddate`, `modifieddate`, `createdby`, `modifiedby`) VALUES (138,'Yamaha 2','115 Văn Bi','','','200x300',1,NULL,'Phi Yến','0234568333','Bắc','3',30,NULL,'300','','300','',NULL,'','','20','',NULL,NULL,'TANG_TRET,NGUYEN_CAN',NULL,NULL,NULL,NULL,'2022-08-03 11:26:02','2022-08-03 21:34:17','phiyen91','khanhlinh94');
INSERT INTO `building` (`id`, `name`, `street`, `ward`, `district`, `structure`, `numberofbasement`, `floorarea`, `managername`, `managerphone`, `direction`, `level`, `rentcost`, `rentcostdescription`, `servicefee`, `carfee`, `motofee`, `overtimefee`, `waterfee`, `electricityfee`, `deposit`, `payment`, `renttime`, `decorationtime`, `brokeragefee`, `type`, `note`, `linkofbuilding`, `map`, `avatar`, `createddate`, `modifieddate`, `createdby`, `modifiedby`) VALUES (139,'Nam Giao 2','18 Nguyễn Thị Minh Khai','','QUAN_TAN_BINH','350x250',2,500,'Nguyễn Văn A','0234568321','Bắc','2',30,NULL,'','','','',NULL,'','','','',NULL,20.00,'',NULL,NULL,NULL,NULL,'2022-08-03 11:27:05','2022-08-03 21:34:09','phiyen91','khanhlinh94');
INSERT INTO `building` (`id`, `name`, `street`, `ward`, `district`, `structure`, `numberofbasement`, `floorarea`, `managername`, `managerphone`, `direction`, `level`, `rentcost`, `rentcostdescription`, `servicefee`, `carfee`, `motofee`, `overtimefee`, `waterfee`, `electricityfee`, `deposit`, `payment`, `renttime`, `decorationtime`, `brokeragefee`, `type`, `note`, `linkofbuilding`, `map`, `avatar`, `createddate`, `modifieddate`, `createdby`, `modifiedby`) VALUES (140,'Nam Giao 3','120 Quang Trung','','QUAN_5','400x370',1,500,'Nguyễn Văn A','0234568321','Tây','3',20,NULL,'','','','200',NULL,'','','50','',NULL,20.00,'',NULL,NULL,NULL,NULL,NULL,'2022-08-03 13:04:49',NULL,'phiyen91');
INSERT INTO `building` (`id`, `name`, `street`, `ward`, `district`, `structure`, `numberofbasement`, `floorarea`, `managername`, `managerphone`, `direction`, `level`, `rentcost`, `rentcostdescription`, `servicefee`, `carfee`, `motofee`, `overtimefee`, `waterfee`, `electricityfee`, `deposit`, `payment`, `renttime`, `decorationtime`, `brokeragefee`, `type`, `note`, `linkofbuilding`, `map`, `avatar`, `createddate`, `modifieddate`, `createdby`, `modifiedby`) VALUES (141,'VinTower','60 Văn Bi','phường 11','QUAN_12','320x250',3,300,'Khánh Linh','0234568244','Nam','1',40,NULL,'','','300','',NULL,'','','40','',NULL,NULL,'NGUYEN_CAN',NULL,NULL,NULL,NULL,NULL,'2022-08-03 22:22:41',NULL,'khanhlinh94');
INSERT INTO `building` (`id`, `name`, `street`, `ward`, `district`, `structure`, `numberofbasement`, `floorarea`, `managername`, `managerphone`, `direction`, `level`, `rentcost`, `rentcostdescription`, `servicefee`, `carfee`, `motofee`, `overtimefee`, `waterfee`, `electricityfee`, `deposit`, `payment`, `renttime`, `decorationtime`, `brokeragefee`, `type`, `note`, `linkofbuilding`, `map`, `avatar`, `createddate`, `modifieddate`, `createdby`, `modifiedby`) VALUES (142,'Yamaha','30 Ngô Quyền','phường 3','QUAN_1','350x410',2,NULL,'Quốc Bảo','0234568322','Đông','1',50,NULL,'','','','200',NULL,'','','','',NULL,NULL,'TANG_TRET',NULL,NULL,NULL,NULL,NULL,'2022-08-03 13:04:14',NULL,'phiyen91');
INSERT INTO `building` (`id`, `name`, `street`, `ward`, `district`, `structure`, `numberofbasement`, `floorarea`, `managername`, `managerphone`, `direction`, `level`, `rentcost`, `rentcostdescription`, `servicefee`, `carfee`, `motofee`, `overtimefee`, `waterfee`, `electricityfee`, `deposit`, `payment`, `renttime`, `decorationtime`, `brokeragefee`, `type`, `note`, `linkofbuilding`, `map`, `avatar`, `createddate`, `modifieddate`, `createdby`, `modifiedby`) VALUES (143,'Petro','130 Nguyễn Thị Minh Khai','phường 5','QUAN_4','250x450',1,NULL,'Phi Yến','0234568333','Đông','2',30,NULL,'','','','',NULL,'600','','40','',NULL,20.00,'NGUYEN_CAN',NULL,NULL,NULL,NULL,'2022-08-03 11:31:17','2022-08-03 13:02:17','phiyen91','phiyen91');
INSERT INTO `building` (`id`, `name`, `street`, `ward`, `district`, `structure`, `numberofbasement`, `floorarea`, `managername`, `managerphone`, `direction`, `level`, `rentcost`, `rentcostdescription`, `servicefee`, `carfee`, `motofee`, `overtimefee`, `waterfee`, `electricityfee`, `deposit`, `payment`, `renttime`, `decorationtime`, `brokeragefee`, `type`, `note`, `linkofbuilding`, `map`, `avatar`, `createddate`, `modifieddate`, `createdby`, `modifiedby`) VALUES (144,'Hoàng Anh Gia Lai','265 Lê Văn Việt','phường 2','QUAN_BINH_THANH','400x500',2,NULL,'Khánh Linh','0234568244','Tây','1',50,NULL,'400','','','300',NULL,'500','30','','',NULL,20.00,'NOI_THAT,TANG_TRET',NULL,NULL,NULL,NULL,'2022-08-03 16:34:19','2022-08-03 17:31:06','phiyen91','phiyen91');
INSERT INTO `building` (`id`, `name`, `street`, `ward`, `district`, `structure`, `numberofbasement`, `floorarea`, `managername`, `managerphone`, `direction`, `level`, `rentcost`, `rentcostdescription`, `servicefee`, `carfee`, `motofee`, `overtimefee`, `waterfee`, `electricityfee`, `deposit`, `payment`, `renttime`, `decorationtime`, `brokeragefee`, `type`, `note`, `linkofbuilding`, `map`, `avatar`, `createddate`, `modifieddate`, `createdby`, `modifiedby`) VALUES (145,'Petro','112 Lê Duẩn','Phường 6','QUAN_12','200x300',2,300,'Nguyễn Văn A','0234568321','Nam','1',40,NULL,'','','','',NULL,'','','','',NULL,20.00,'NOI_THAT,TANG_TRET',NULL,NULL,NULL,NULL,'2022-08-03 16:35:42','2022-08-03 17:31:13','phiyen91','phiyen91');
INSERT INTO `building` (`id`, `name`, `street`, `ward`, `district`, `structure`, `numberofbasement`, `floorarea`, `managername`, `managerphone`, `direction`, `level`, `rentcost`, `rentcostdescription`, `servicefee`, `carfee`, `motofee`, `overtimefee`, `waterfee`, `electricityfee`, `deposit`, `payment`, `renttime`, `decorationtime`, `brokeragefee`, `type`, `note`, `linkofbuilding`, `map`, `avatar`, `createddate`, `modifieddate`, `createdby`, `modifiedby`) VALUES (146,'Lanmark 81','58 Điện Biên Phủ','phường 7','QUAN_TAN_BINH','200x300',1,500,'Quốc Bảo','0234568322','Tây','3',20,NULL,'300','200','200','200',NULL,'','','40','',NULL,20.00,'NOI_THAT,TANG_TRET',NULL,NULL,NULL,NULL,'2022-08-03 16:37:02','2022-08-03 17:30:52','phiyen91','phiyen91');
INSERT INTO `building` (`id`, `name`, `street`, `ward`, `district`, `structure`, `numberofbasement`, `floorarea`, `managername`, `managerphone`, `direction`, `level`, `rentcost`, `rentcostdescription`, `servicefee`, `carfee`, `motofee`, `overtimefee`, `waterfee`, `electricityfee`, `deposit`, `payment`, `renttime`, `decorationtime`, `brokeragefee`, `type`, `note`, `linkofbuilding`, `map`, `avatar`, `createddate`, `modifieddate`, `createdby`, `modifiedby`) VALUES (147,'Thế giới di động','184 Cao Thắng','phường 2','QUAN_1','400x500',2,NULL,'Phi Yến','0234568333','Đông','2',30,NULL,'','500','','300',NULL,'','30','40','5 năm',NULL,20.00,'TANG_TRET',NULL,NULL,NULL,NULL,'2022-08-03 16:39:00','2022-08-03 17:30:41','phiyen91','phiyen91');


INSERT INTO `user` (`id`, `username`, `password`, `fullname`, `phone`, `email`, `status`, `createddate`, `modifieddate`, `createdby`, `modifiedby`) VALUES (1,'nguyenvana','$2a$10$h4MhaFbK0IDZTHh4aqv.be6CwyNOjSNYUD98Y3bFjb7v/wjtFq2cu','nguyen van a',NULL,NULL,1,NULL,'2022-07-08 09:14:05',NULL,'nguyenvana');
INSERT INTO `user` (`id`, `username`, `password`, `fullname`, `phone`, `email`, `status`, `createddate`, `modifieddate`, `createdby`, `modifiedby`) VALUES (2,'nguyenvanb','$2a$10$/RUbuT9KIqk6f8enaTQiLOXzhnUkiwEJRdtzdrMXXwU7dgnLKTCYG','Nguyễn Văn B',NULL,NULL,1,NULL,'2022-07-10 16:31:18',NULL,'quocbao00');
INSERT INTO `user` (`id`, `username`, `password`, `fullname`, `phone`, `email`, `status`, `createddate`, `modifieddate`, `createdby`, `modifiedby`) VALUES (3,'nguyenvanc','$2a$10$/RUbuT9KIqk6f8enaTQiLOXzhnUkiwEJRdtzdrMXXwU7dgnLKTCYG','nguyen van c',NULL,NULL,1,NULL,'2022-06-10 09:22:22',NULL,'nguyenvana');
INSERT INTO `user` (`id`, `username`, `password`, `fullname`, `phone`, `email`, `status`, `createddate`, `modifieddate`, `createdby`, `modifiedby`) VALUES (4,'nguyenvand','$2a$10$/RUbuT9KIqk6f8enaTQiLOXzhnUkiwEJRdtzdrMXXwU7dgnLKTCYG','nguyen van d',NULL,NULL,0,NULL,'2022-07-18 22:54:03',NULL,'quocbao00');
INSERT INTO `user` (`id`, `username`, `password`, `fullname`, `phone`, `email`, `status`, `createddate`, `modifieddate`, `createdby`, `modifiedby`) VALUES (10,'thunguyen','$2a$10$AxzK0SMWqx85/gFsfoOigumcy940/QgfSRNPlvHyzv8/i9Ixlgyp2','nguyen thi thu',NULL,NULL,0,'2022-07-08 09:15:08','2022-07-08 17:10:47','nguyenvanb','quocbao00');
INSERT INTO `user` (`id`, `username`, `password`, `fullname`, `phone`, `email`, `status`, `createddate`, `modifieddate`, `createdby`, `modifiedby`) VALUES (11,'thanhhuyen99','$2a$10$XjRR6RZ8FgEFIL2pW.wqwe6yb3eWWjDOLjSLHbwoYLPnqYm8zPUTy','Trần Thanh Huyền',NULL,NULL,1,NULL,'2022-07-08 12:26:16',NULL,'nguyenvana');
INSERT INTO `user` (`id`, `username`, `password`, `fullname`, `phone`, `email`, `status`, `createddate`, `modifieddate`, `createdby`, `modifiedby`) VALUES (12,'quocbao00','$2a$10$ucI5oT3wsghCYgn7mgIKSeR1naWFkbkLXgXBPYG/Dir8R6amglZC6','Ngô Quốc Bảo',NULL,NULL,1,'2022-07-08 12:27:23','2022-07-10 17:40:33','nguyenvana','quocbao00');
INSERT INTO `user` (`id`, `username`, `password`, `fullname`, `phone`, `email`, `status`, `createddate`, `modifieddate`, `createdby`, `modifiedby`) VALUES (13,'thaihoa97','$2a$10$TlYm4FMWpBuEXqNtUWX9r.QvVh0zIKA.tulSN9gq3WO1OAD1GSYGu','Hoàng Thanh Thái Hòa',NULL,NULL,1,NULL,'2022-08-03 22:26:34',NULL,'khanhlinh94');
INSERT INTO `user` (`id`, `username`, `password`, `fullname`, `phone`, `email`, `status`, `createddate`, `modifieddate`, `createdby`, `modifiedby`) VALUES (14,'thuyhoa95','$2a$10$Uce1bTxkYILY3WbrQrSiceM.AuVwBixxePyp0XqxF34uoo7JxJtYu','Trần Thúy Hoa',NULL,NULL,1,'2022-07-08 12:29:54','2022-07-08 12:29:54','quocbao00','quocbao00');
INSERT INTO `user` (`id`, `username`, `password`, `fullname`, `phone`, `email`, `status`, `createddate`, `modifieddate`, `createdby`, `modifiedby`) VALUES (15,'cattuong11','$2a$10$oJafHOzC3SYhoASC4Zk1nusyDmyZLohCh/JGQEiv19k7wbHZh7Mf.','Vũ Cát Tường',NULL,NULL,1,'2022-07-08 12:32:01','2022-07-08 17:10:47','quocbao00','quocbao00');
INSERT INTO `user` (`id`, `username`, `password`, `fullname`, `phone`, `email`, `status`, `createddate`, `modifieddate`, `createdby`, `modifiedby`) VALUES (16,'nguyenvu96','$2a$10$UE/TJ2PBeURq4mknl2doeu7SrWB9EPxTJi9iXPAiwZSCls3poaFgq','Nguyễn Vi Vũ',NULL,NULL,1,NULL,'2022-08-02 20:57:03',NULL,'phiyen91');
INSERT INTO `user` (`id`, `username`, `password`, `fullname`, `phone`, `email`, `status`, `createddate`, `modifieddate`, `createdby`, `modifiedby`) VALUES (17,'thanhcong92','$2a$10$DEGJqhGPcUMxqWAGduuHrOpM5ysbAn07p8c2rp627K0XSNXLCH6sy','Thái Thành Công',NULL,NULL,1,'2022-07-08 12:34:22','2022-07-10 17:17:44','quocbao00','quocbao00');
INSERT INTO `user` (`id`, `username`, `password`, `fullname`, `phone`, `email`, `status`, `createddate`, `modifieddate`, `createdby`, `modifiedby`) VALUES (18,'tuelam94','$2a$10$hFHK/uDSaYTwZtyP3bZQiuR6inN96Sh5IB3gpzef/s2uUz.TdYeOG','Đỗ Thành Tuệ Lâm',NULL,NULL,1,'2022-07-08 12:35:34','2022-07-10 17:20:15','quocbao00','quocbao00');
INSERT INTO `user` (`id`, `username`, `password`, `fullname`, `phone`, `email`, `status`, `createddate`, `modifieddate`, `createdby`, `modifiedby`) VALUES (19,'hoangnam93','$2a$10$/V/ShfTTtsEND87r1lnFOOPXdtVKY0EdVjezhgpwxss1V7OFPWgo6','Trần Hoàng Nam',NULL,NULL,1,'2022-07-09 20:49:59','2022-07-10 17:27:41','quocbao00','quocbao00');
INSERT INTO `user` (`id`, `username`, `password`, `fullname`, `phone`, `email`, `status`, `createddate`, `modifieddate`, `createdby`, `modifiedby`) VALUES (21,'thanhthao99','$2a$10$B8Z.SkbaLDjTSFneVZrM/uTFR8DKdET23MlEiFm2L9sjE2L1bqpzC','Võ Thanh Thảo',NULL,NULL,1,'2022-07-09 20:52:30','2022-07-10 15:59:51','quocbao00','anonymousUser');
INSERT INTO `user` (`id`, `username`, `password`, `fullname`, `phone`, `email`, `status`, `createddate`, `modifieddate`, `createdby`, `modifiedby`) VALUES (22,'giabao99','$2a$10$De3oRoxqybb19SzhhKHze.lGqwvvjRWZjG0AatjmNI6gF2ABeUf1S','Ngô Gia Bảo',NULL,NULL,1,'2022-07-10 12:28:36','2022-07-10 15:59:51','quocbao00','anonymousUser');
INSERT INTO `user` (`id`, `username`, `password`, `fullname`, `phone`, `email`, `status`, `createddate`, `modifieddate`, `createdby`, `modifiedby`) VALUES (23,'khanhlinh94','$2a$10$J1wprGCA8lRQcmnGnJ3ZEOVKIgerSnCU2ZFo4VehnX6uIgGABsTqa','Đỗ Khánh Linh',NULL,NULL,1,'2022-07-10 17:29:17','2022-08-03 22:28:16','quocbao00','khanhlinh94');
INSERT INTO `user` (`id`, `username`, `password`, `fullname`, `phone`, `email`, `status`, `createddate`, `modifieddate`, `createdby`, `modifiedby`) VALUES (24,'huyhoang93','$2a$10$Z.JgjZty4bUPCz2qZXG0eOmBozFjw.hOWThxAVJC4RnjQrLvyEaPC','Huy Hoàng',NULL,NULL,1,'2022-07-10 17:30:05','2022-07-10 17:31:54','khanhlinh94','khanhlinh94');
INSERT INTO `user` (`id`, `username`, `password`, `fullname`, `phone`, `email`, `status`, `createddate`, `modifieddate`, `createdby`, `modifiedby`) VALUES (25,'phinhung94','$2a$10$SGHnbIPWViCOTakzs3JvMOPQrAfJow6aeNgsGn/4ngQ/neYbjgjuK','Hứa Phi Nhung',NULL,NULL,1,NULL,'2022-07-21 12:20:19',NULL,'phiyen91');
INSERT INTO `user` (`id`, `username`, `password`, `fullname`, `phone`, `email`, `status`, `createddate`, `modifieddate`, `createdby`, `modifiedby`) VALUES (26,'hoangyen95','$2a$10$R231JRpZwOknqtm4mVJ8zOef5HVlsbCJlbNua/wbno.0Y9u2p6wo6','Hoàng Yến',NULL,NULL,1,NULL,'2022-08-03 08:56:10',NULL,'phiyen91');
INSERT INTO `user` (`id`, `username`, `password`, `fullname`, `phone`, `email`, `status`, `createddate`, `modifieddate`, `createdby`, `modifiedby`) VALUES (27,'laibang98','$2a$10$AxM5iDRVX7f20f6PFKAGXeoQYy8B012kGcoA.DXY3B87AwOl8YMaS','Lai Bâng',NULL,NULL,1,'2022-07-10 17:31:14','2022-07-10 17:31:54','khanhlinh94','khanhlinh94');
INSERT INTO `user` (`id`, `username`, `password`, `fullname`, `phone`, `email`, `status`, `createddate`, `modifieddate`, `createdby`, `modifiedby`) VALUES (28,'phiyen91','$2a$10$jBznWw0orHxa8yj5lp9JaeGAOCAFM28SOcK7y2fGq/JzFlbMGQhMm','Võ Phi Yến',NULL,NULL,1,'2022-07-18 22:53:25','2022-07-19 22:28:28','quocbao00','phiyen91');
INSERT INTO `user` (`id`, `username`, `password`, `fullname`, `phone`, `email`, `status`, `createddate`, `modifieddate`, `createdby`, `modifiedby`) VALUES (29,'thanhthanh','$2a$10$tCzBTCjRdjA1cGZ6/rtAXe.pPknoWowaHfJNfpRVVYTbCYPNqMaye','Trương Thanh Thanh',NULL,NULL,1,'2022-07-19 21:06:21','2022-07-19 21:06:21','phiyen91','phiyen91');
INSERT INTO `user` (`id`, `username`, `password`, `fullname`, `phone`, `email`, `status`, `createddate`, `modifieddate`, `createdby`, `modifiedby`) VALUES (30,'hangnga93','$2a$10$MZWTQNwfeeAL4gPXTKhaT.G/Ol6LN8z3LPffMHmchHaz./obdILC6','Đỗ Thị Hằng Nga',NULL,NULL,1,NULL,'2022-07-21 12:18:22',NULL,'phiyen91');
INSERT INTO `user` (`id`, `username`, `password`, `fullname`, `phone`, `email`, `status`, `createddate`, `modifieddate`, `createdby`, `modifiedby`) VALUES (31,'thanhtruc95','$2a$10$D8vZnEhhRNTxQ4H7xZOwBusbuQwcBTxp02YmeEnriP8OVChiT/.iW','Dương Thanh Trúc',NULL,NULL,1,NULL,'2022-07-21 12:22:36',NULL,'phiyen91');
INSERT INTO `user` (`id`, `username`, `password`, `fullname`, `phone`, `email`, `status`, `createddate`, `modifieddate`, `createdby`, `modifiedby`) VALUES (32,'thuthao22','$2a$10$AZSWt/mq4Y7VqtJ4luVdfOK0TN1uOGht8XDg5OS67kkSOqbYRA48G','Thái Thị Thu Thảo',NULL,NULL,1,'2022-07-31 17:18:55','2022-07-31 17:18:55','phiyen91','phiyen91');
INSERT INTO `user` (`id`, `username`, `password`, `fullname`, `phone`, `email`, `status`, `createddate`, `modifieddate`, `createdby`, `modifiedby`) VALUES (33,'tt','$2a$10$LGqxCr4wtmkp.GTUMm9tHuS1obfMfBP8Tn4yhrkkb004nkNwbi29O','tttt',NULL,NULL,0,'2022-08-03 22:25:36','2022-08-03 22:25:50','khanhlinh94','khanhlinh94');


INSERT INTO `customer` (`id`, `fullname`, `phone`, `email`, `demand`, `companyname`, `note`, `createddate`, `modifieddate`, `createdby`, `modifiedby`) VALUES (50,'Hoa Vinh','0234568756','hoa@gmail.com','300,400,600','Hoa Vinh','trung tam tp',NULL,'2022-07-20 15:23:50',NULL,'phiyen91');
INSERT INTO `customer` (`id`, `fullname`, `phone`, `email`, `demand`, `companyname`, `note`, `createddate`, `modifieddate`, `createdby`, `modifiedby`) VALUES (51,'Hoai Thu','0234568753','hoai@gmail.com','300, 400','HT','Q2','2022-06-22 12:39:12','2022-07-20 15:23:40','nguyenvana','phiyen91');
INSERT INTO `customer` (`id`, `fullname`, `phone`, `email`, `demand`, `companyname`, `note`, `createddate`, `modifieddate`, `createdby`, `modifiedby`) VALUES (52,'Thuy Vy','0234568752','Thuy@gmail.com','500','TV','Q2, Q3','2022-06-22 12:39:42','2022-06-22 12:41:45','nguyenvana','nguyenvana');
INSERT INTO `customer` (`id`, `fullname`, `phone`, `email`, `demand`, `companyname`, `note`, `createddate`, `modifieddate`, `createdby`, `modifiedby`) VALUES (53,'Nam Cao','0395890390','NamC@gmail.com','500 m2','Nam Cao Entertaiment','Q1, Q2',NULL,'2022-07-20 15:23:34',NULL,'phiyen91');
INSERT INTO `customer` (`id`, `fullname`, `phone`, `email`, `demand`, `companyname`, `note`, `createddate`, `modifieddate`, `createdby`, `modifiedby`) VALUES (55,'Bùi Hùng','0321548687','HungMock@gmail.com','400','MockUniverse','Khách hàng mới','2022-07-18 22:46:39','2022-07-18 22:46:57','quocbao00','quocbao00');
INSERT INTO `customer` (`id`, `fullname`, `phone`, `email`, `demand`, `companyname`, `note`, `createddate`, `modifieddate`, `createdby`, `modifiedby`) VALUES (56,'Hoàng Diệu','0254321546','DieuDieu@vn.com','400','HoangDieu','Qua môi giới','2022-07-18 22:50:17','2022-07-20 15:23:23','quocbao00','phiyen91');
INSERT INTO `customer` (`id`, `fullname`, `phone`, `email`, `demand`, `companyname`, `note`, `createddate`, `modifieddate`, `createdby`, `modifiedby`) VALUES (59,'Hoang Nham','0704343423','pu89@gmail.com','400','hyosung','Q2, Q3','2022-07-31 17:17:34','2022-08-02 20:51:12','phiyen91','phiyen91');
INSERT INTO `customer` (`id`, `fullname`, `phone`, `email`, `demand`, `companyname`, `note`, `createddate`, `modifieddate`, `createdby`, `modifiedby`) VALUES (60,'Thanh Nhàn','0704913023','thanhnhan@edu.com','500 m2','Prime Cookie','start up','2022-08-02 20:49:31','2022-08-02 20:51:18','phiyen91','phiyen91');
INSERT INTO `customer` (`id`, `fullname`, `phone`, `email`, `demand`, `companyname`, `note`, `createddate`, `modifieddate`, `createdby`, `modifiedby`) VALUES (62,'Thái Úy','0704913091','0704913091','400','Thành Phát','Q1, Q2','2022-08-03 20:52:28','2022-08-03 22:23:23','khanhlinh94','khanhlinh94');
INSERT INTO `customer` (`id`, `fullname`, `phone`, `email`, `demand`, `companyname`, `note`, `createddate`, `modifieddate`, `createdby`, `modifiedby`) VALUES (63,'Ngô Hồng Hạnh','0704913233','newstore@app.com','400','New App Store','Q1, Q2','2022-08-03 20:53:50','2022-08-03 22:23:36','khanhlinh94','khanhlinh94');
INSERT INTO `customer` (`id`, `fullname`, `phone`, `email`, `demand`, `companyname`, `note`, `createddate`, `modifieddate`, `createdby`, `modifiedby`) VALUES (64,'Bùi Gia Huy','0704913211','iphonelock@app.com','450','Táo Mỹ','Q1, Q3','2022-08-03 20:55:06','2022-08-03 22:24:06','khanhlinh94','khanhlinh94');
INSERT INTO `customer` (`id`, `fullname`, `phone`, `email`, `demand`, `companyname`, `note`, `createddate`, `modifieddate`, `createdby`, `modifiedby`) VALUES (65,'Hồ Văn Cường','0704912211','vietstudio@app.com','450','Việt Studio','Q2','2022-08-03 20:55:40','2022-08-03 22:23:45','khanhlinh94','khanhlinh94');
INSERT INTO `customer` (`id`, `fullname`, `phone`, `email`, `demand`, `companyname`, `note`, `createddate`, `modifieddate`, `createdby`, `modifiedby`) VALUES (66,'Ngô Mỹ Trinh','0702212211','trinh@lawyer.com','350','Lawyer Miền Nam','Q5','2022-08-03 20:57:49','2022-08-03 22:23:55','khanhlinh94','khanhlinh94');


INSERT INTO `role` (`id`, `name`, `code`, `createddate`, `modifieddate`, `createdby`, `modifiedby`) VALUES (1,'Quản lý','manager',NULL,NULL,NULL,NULL);
INSERT INTO `role` (`id`, `name`, `code`, `createddate`, `modifieddate`, `createdby`, `modifiedby`) VALUES (2,'Nhân viên','staff',NULL,NULL,NULL,NULL);


INSERT INTO `rentarea` (`id`, `value`, `buildingid`, `createddate`, `modifieddate`, `createdby`, `modifiedby`) VALUES (113,200,2,'2022-06-22 21:28:15','2022-06-22 21:28:15','nguyenvana','nguyenvana');
INSERT INTO `rentarea` (`id`, `value`, `buildingid`, `createddate`, `modifieddate`, `createdby`, `modifiedby`) VALUES (114,300,2,'2022-06-22 21:28:15','2022-06-22 21:28:15','nguyenvana','nguyenvana');
INSERT INTO `rentarea` (`id`, `value`, `buildingid`, `createddate`, `modifieddate`, `createdby`, `modifiedby`) VALUES (115,400,2,'2022-06-22 21:28:15','2022-06-22 21:28:15','nguyenvana','nguyenvana');
INSERT INTO `rentarea` (`id`, `value`, `buildingid`, `createddate`, `modifieddate`, `createdby`, `modifiedby`) VALUES (118,200,59,'2022-06-22 21:30:28','2022-06-22 21:30:28','nguyenvana','nguyenvana');
INSERT INTO `rentarea` (`id`, `value`, `buildingid`, `createddate`, `modifieddate`, `createdby`, `modifiedby`) VALUES (119,500,59,'2022-06-22 21:30:28','2022-06-22 21:30:28','nguyenvana','nguyenvana');
INSERT INTO `rentarea` (`id`, `value`, `buildingid`, `createddate`, `modifieddate`, `createdby`, `modifiedby`) VALUES (120,300,3,'2022-06-22 21:31:24','2022-06-22 21:31:24','nguyenvana','nguyenvana');
INSERT INTO `rentarea` (`id`, `value`, `buildingid`, `createddate`, `modifieddate`, `createdby`, `modifiedby`) VALUES (121,400,3,'2022-06-22 21:31:24','2022-06-22 21:31:24','nguyenvana','nguyenvana');
INSERT INTO `rentarea` (`id`, `value`, `buildingid`, `createddate`, `modifieddate`, `createdby`, `modifiedby`) VALUES (122,500,3,'2022-06-22 21:31:24','2022-06-22 21:31:24','nguyenvana','nguyenvana');
INSERT INTO `rentarea` (`id`, `value`, `buildingid`, `createddate`, `modifieddate`, `createdby`, `modifiedby`) VALUES (123,100,4,'2022-06-22 21:32:13','2022-06-22 21:32:13','nguyenvana','nguyenvana');
INSERT INTO `rentarea` (`id`, `value`, `buildingid`, `createddate`, `modifieddate`, `createdby`, `modifiedby`) VALUES (124,400,4,'2022-06-22 21:32:13','2022-06-22 21:32:13','nguyenvana','nguyenvana');
INSERT INTO `rentarea` (`id`, `value`, `buildingid`, `createddate`, `modifieddate`, `createdby`, `modifiedby`) VALUES (125,300,4,'2022-06-22 21:32:13','2022-06-22 21:32:13','nguyenvana','nguyenvana');
INSERT INTO `rentarea` (`id`, `value`, `buildingid`, `createddate`, `modifieddate`, `createdby`, `modifiedby`) VALUES (135,500,72,'2022-08-02 20:41:05','2022-08-02 20:41:05','phiyen91','phiyen91');
INSERT INTO `rentarea` (`id`, `value`, `buildingid`, `createddate`, `modifieddate`, `createdby`, `modifiedby`) VALUES (141,350,71,'2022-08-03 08:39:14','2022-08-03 08:39:14','phiyen91','phiyen91');
INSERT INTO `rentarea` (`id`, `value`, `buildingid`, `createddate`, `modifieddate`, `createdby`, `modifiedby`) VALUES (142,450,71,'2022-08-03 08:39:14','2022-08-03 08:39:14','phiyen91','phiyen91');
INSERT INTO `rentarea` (`id`, `value`, `buildingid`, `createddate`, `modifieddate`, `createdby`, `modifiedby`) VALUES (143,400,134,'2022-08-03 11:19:23','2022-08-03 11:19:23','phiyen91','phiyen91');
INSERT INTO `rentarea` (`id`, `value`, `buildingid`, `createddate`, `modifieddate`, `createdby`, `modifiedby`) VALUES (144,200,135,'2022-08-03 11:20:48','2022-08-03 11:20:48','phiyen91','phiyen91');
INSERT INTO `rentarea` (`id`, `value`, `buildingid`, `createddate`, `modifieddate`, `createdby`, `modifiedby`) VALUES (145,500,135,'2022-08-03 11:20:48','2022-08-03 11:20:48','phiyen91','phiyen91');
INSERT INTO `rentarea` (`id`, `value`, `buildingid`, `createddate`, `modifieddate`, `createdby`, `modifiedby`) VALUES (146,350,136,'2022-08-03 11:22:39','2022-08-03 11:22:39','phiyen91','phiyen91');
INSERT INTO `rentarea` (`id`, `value`, `buildingid`, `createddate`, `modifieddate`, `createdby`, `modifiedby`) VALUES (147,450,136,'2022-08-03 11:22:39','2022-08-03 11:22:39','phiyen91','phiyen91');
INSERT INTO `rentarea` (`id`, `value`, `buildingid`, `createddate`, `modifieddate`, `createdby`, `modifiedby`) VALUES (148,400,143,'2022-08-03 11:31:17','2022-08-03 11:31:17','phiyen91','phiyen91');
INSERT INTO `rentarea` (`id`, `value`, `buildingid`, `createddate`, `modifieddate`, `createdby`, `modifiedby`) VALUES (149,200,144,'2022-08-03 16:34:19','2022-08-03 16:34:19','phiyen91','phiyen91');
INSERT INTO `rentarea` (`id`, `value`, `buildingid`, `createddate`, `modifieddate`, `createdby`, `modifiedby`) VALUES (150,500,144,'2022-08-03 16:34:19','2022-08-03 16:34:19','phiyen91','phiyen91');
INSERT INTO `rentarea` (`id`, `value`, `buildingid`, `createddate`, `modifieddate`, `createdby`, `modifiedby`) VALUES (151,500,145,'2022-08-03 16:35:42','2022-08-03 16:35:42','phiyen91','phiyen91');
INSERT INTO `rentarea` (`id`, `value`, `buildingid`, `createddate`, `modifieddate`, `createdby`, `modifiedby`) VALUES (152,200,146,'2022-08-03 16:37:02','2022-08-03 16:37:02','phiyen91','phiyen91');
INSERT INTO `rentarea` (`id`, `value`, `buildingid`, `createddate`, `modifieddate`, `createdby`, `modifiedby`) VALUES (153,300,146,'2022-08-03 16:37:02','2022-08-03 16:37:02','phiyen91','phiyen91');
INSERT INTO `rentarea` (`id`, `value`, `buildingid`, `createddate`, `modifieddate`, `createdby`, `modifiedby`) VALUES (154,400,147,'2022-08-03 16:39:00','2022-08-03 16:39:00','phiyen91','phiyen91');
INSERT INTO `rentarea` (`id`, `value`, `buildingid`, `createddate`, `modifieddate`, `createdby`, `modifiedby`) VALUES (155,100,1,'2022-08-03 17:29:53','2022-08-03 17:29:53','phiyen91','phiyen91');
INSERT INTO `rentarea` (`id`, `value`, `buildingid`, `createddate`, `modifieddate`, `createdby`, `modifiedby`) VALUES (156,200,1,'2022-08-03 17:29:54','2022-08-03 17:29:54','phiyen91','phiyen91');


INSERT INTO `transaction` (`id`, `note`, `code`, `customerid`, `createddate`, `modifieddate`, `createdby`, `modifiedby`) VALUES (73,'Cafe với kh','QUA_TRINH_CSKH',50,'2022-06-22 12:40:25','2022-06-22 12:40:25','nguyenvana','nguyenvana');
INSERT INTO `transaction` (`id`, `note`, `code`, `customerid`, `createddate`, `modifieddate`, `createdby`, `modifiedby`) VALUES (74,'4 sao','DANH_GIA_CUA_KH',50,'2022-06-22 12:40:44','2022-06-22 12:40:44','nguyenvana','nguyenvana');
INSERT INTO `transaction` (`id`, `note`, `code`, `customerid`, `createddate`, `modifieddate`, `createdby`, `modifiedby`) VALUES (75,'Xem tại Q1','DAN_DI_XEM',53,'2022-06-24 14:24:33','2022-06-24 14:24:33','nguyenvana','nguyenvana');
INSERT INTO `transaction` (`id`, `note`, `code`, `customerid`, `createddate`, `modifieddate`, `createdby`, `modifiedby`) VALUES (76,'Xem tại Q2','DAN_DI_XEM',53,'2022-06-24 14:24:50','2022-06-24 14:24:50','nguyenvana','nguyenvana');
INSERT INTO `transaction` (`id`, `note`, `code`, `customerid`, `createddate`, `modifieddate`, `createdby`, `modifiedby`) VALUES (77,'4 sao','DANH_GIA_CUA_KH',53,'2022-06-24 14:25:10','2022-06-24 14:25:10','nguyenvana','nguyenvana');
INSERT INTO `transaction` (`id`, `note`, `code`, `customerid`, `createddate`, `modifieddate`, `createdby`, `modifiedby`) VALUES (78,'Dẫn đi đăng kí','QUA_TRINH_CSKH',50,'2022-07-07 15:55:13','2022-07-07 15:55:13','nguyenvanb','nguyenvanb');
INSERT INTO `transaction` (`id`, `note`, `code`, `customerid`, `createddate`, `modifieddate`, `createdby`, `modifiedby`) VALUES (79,'Dẫn đi xem tại Q1','QUA_TRINH_CSKH',56,'2022-07-18 22:51:56','2022-07-18 22:51:56','quocbao00','quocbao00');
INSERT INTO `transaction` (`id`, `note`, `code`, `customerid`, `createddate`, `modifieddate`, `createdby`, `modifiedby`) VALUES (80,'4 sao','DANH_GIA_CUA_KH',56,'2022-07-18 22:52:12','2022-07-18 22:52:12','quocbao00','quocbao00');
INSERT INTO `transaction` (`id`, `note`, `code`, `customerid`, `createddate`, `modifieddate`, `createdby`, `modifiedby`) VALUES (84,'Đi xem tại Quận 7','DAN_DI_XEM',59,'2022-08-02 20:54:19','2022-08-02 20:54:19','phiyen91','phiyen91');
INSERT INTO `transaction` (`id`, `note`, `code`, `customerid`, `createddate`, `modifieddate`, `createdby`, `modifiedby`) VALUES (85,'Chỉ dẫn các địa điểm trung tâm ','QUA_TRINH_CSKH',59,'2022-08-02 20:56:20','2022-08-02 20:56:20','phiyen91','phiyen91');


INSERT INTO `assignmentbuilding` (`staffid`, `buildingid`) VALUES (2,2);
INSERT INTO `assignmentbuilding` (`staffid`, `buildingid`) VALUES (3,2);
INSERT INTO `assignmentbuilding` (`staffid`, `buildingid`) VALUES (3,3);
INSERT INTO `assignmentbuilding` (`staffid`, `buildingid`) VALUES (4,3);
INSERT INTO `assignmentbuilding` (`staffid`, `buildingid`) VALUES (3,59);
INSERT INTO `assignmentbuilding` (`staffid`, `buildingid`) VALUES (26,59);
INSERT INTO `assignmentbuilding` (`staffid`, `buildingid`) VALUES (25,59);
INSERT INTO `assignmentbuilding` (`staffid`, `buildingid`) VALUES (13,4);
INSERT INTO `assignmentbuilding` (`staffid`, `buildingid`) VALUES (14,4);
INSERT INTO `assignmentbuilding` (`staffid`, `buildingid`) VALUES (25,53);
INSERT INTO `assignmentbuilding` (`staffid`, `buildingid`) VALUES (14,53);
INSERT INTO `assignmentbuilding` (`staffid`, `buildingid`) VALUES (13,53);
INSERT INTO `assignmentbuilding` (`staffid`, `buildingid`) VALUES (31,1);
INSERT INTO `assignmentbuilding` (`staffid`, `buildingid`) VALUES (16,1);
INSERT INTO `assignmentbuilding` (`staffid`, `buildingid`) VALUES (2,1);
INSERT INTO `assignmentbuilding` (`staffid`, `buildingid`) VALUES (26,72);
INSERT INTO `assignmentbuilding` (`staffid`, `buildingid`) VALUES (14,72);
INSERT INTO `assignmentbuilding` (`staffid`, `buildingid`) VALUES (25,72);
INSERT INTO `assignmentbuilding` (`staffid`, `buildingid`) VALUES (11,71);
INSERT INTO `assignmentbuilding` (`staffid`, `buildingid`) VALUES (13,71);
INSERT INTO `assignmentbuilding` (`staffid`, `buildingid`) VALUES (14,71);
INSERT INTO `assignmentbuilding` (`staffid`, `buildingid`) VALUES (14,143);
INSERT INTO `assignmentbuilding` (`staffid`, `buildingid`) VALUES (32,143);
INSERT INTO `assignmentbuilding` (`staffid`, `buildingid`) VALUES (13,143);
INSERT INTO `assignmentbuilding` (`staffid`, `buildingid`) VALUES (15,143);
INSERT INTO `assignmentbuilding` (`staffid`, `buildingid`) VALUES (19,142);
INSERT INTO `assignmentbuilding` (`staffid`, `buildingid`) VALUES (18,142);
INSERT INTO `assignmentbuilding` (`staffid`, `buildingid`) VALUES (25,142);
INSERT INTO `assignmentbuilding` (`staffid`, `buildingid`) VALUES (21,142);
INSERT INTO `assignmentbuilding` (`staffid`, `buildingid`) VALUES (29,140);
INSERT INTO `assignmentbuilding` (`staffid`, `buildingid`) VALUES (15,140);
INSERT INTO `assignmentbuilding` (`staffid`, `buildingid`) VALUES (16,140);
INSERT INTO `assignmentbuilding` (`staffid`, `buildingid`) VALUES (26,140);
INSERT INTO `assignmentbuilding` (`staffid`, `buildingid`) VALUES (25,140);
INSERT INTO `assignmentbuilding` (`staffid`, `buildingid`) VALUES (19,137);
INSERT INTO `assignmentbuilding` (`staffid`, `buildingid`) VALUES (18,137);
INSERT INTO `assignmentbuilding` (`staffid`, `buildingid`) VALUES (13,137);
INSERT INTO `assignmentbuilding` (`staffid`, `buildingid`) VALUES (14,137);
INSERT INTO `assignmentbuilding` (`staffid`, `buildingid`) VALUES (17,137);
INSERT INTO `assignmentbuilding` (`staffid`, `buildingid`) VALUES (14,136);
INSERT INTO `assignmentbuilding` (`staffid`, `buildingid`) VALUES (16,136);
INSERT INTO `assignmentbuilding` (`staffid`, `buildingid`) VALUES (15,136);
INSERT INTO `assignmentbuilding` (`staffid`, `buildingid`) VALUES (13,136);
INSERT INTO `assignmentbuilding` (`staffid`, `buildingid`) VALUES (25,147);
INSERT INTO `assignmentbuilding` (`staffid`, `buildingid`) VALUES (14,147);
INSERT INTO `assignmentbuilding` (`staffid`, `buildingid`) VALUES (17,147);
INSERT INTO `assignmentbuilding` (`staffid`, `buildingid`) VALUES (16,147);
INSERT INTO `assignmentbuilding` (`staffid`, `buildingid`) VALUES (13,146);
INSERT INTO `assignmentbuilding` (`staffid`, `buildingid`) VALUES (3,146);
INSERT INTO `assignmentbuilding` (`staffid`, `buildingid`) VALUES (15,146);
INSERT INTO `assignmentbuilding` (`staffid`, `buildingid`) VALUES (31,144);
INSERT INTO `assignmentbuilding` (`staffid`, `buildingid`) VALUES (26,144);
INSERT INTO `assignmentbuilding` (`staffid`, `buildingid`) VALUES (22,144);
INSERT INTO `assignmentbuilding` (`staffid`, `buildingid`) VALUES (16,145);
INSERT INTO `assignmentbuilding` (`staffid`, `buildingid`) VALUES (13,145);
INSERT INTO `assignmentbuilding` (`staffid`, `buildingid`) VALUES (11,145);
INSERT INTO `assignmentbuilding` (`staffid`, `buildingid`) VALUES (11,139);
INSERT INTO `assignmentbuilding` (`staffid`, `buildingid`) VALUES (26,139);
INSERT INTO `assignmentbuilding` (`staffid`, `buildingid`) VALUES (24,139);
INSERT INTO `assignmentbuilding` (`staffid`, `buildingid`) VALUES (27,139);
INSERT INTO `assignmentbuilding` (`staffid`, `buildingid`) VALUES (11,138);
INSERT INTO `assignmentbuilding` (`staffid`, `buildingid`) VALUES (15,138);
INSERT INTO `assignmentbuilding` (`staffid`, `buildingid`) VALUES (16,138);
INSERT INTO `assignmentbuilding` (`staffid`, `buildingid`) VALUES (27,138);
INSERT INTO `assignmentbuilding` (`staffid`, `buildingid`) VALUES (29,138);
INSERT INTO `assignmentbuilding` (`staffid`, `buildingid`) VALUES (14,141);
INSERT INTO `assignmentbuilding` (`staffid`, `buildingid`) VALUES (3,141);
INSERT INTO `assignmentbuilding` (`staffid`, `buildingid`) VALUES (11,141);
INSERT INTO `assignmentbuilding` (`staffid`, `buildingid`) VALUES (25,141);
INSERT INTO `assignmentbuilding` (`staffid`, `buildingid`) VALUES (22,141);
INSERT INTO `assignmentbuilding` (`staffid`, `buildingid`) VALUES (27,141);
INSERT INTO `assignmentbuilding` (`staffid`, `buildingid`) VALUES (30,141);



INSERT INTO `assignmentcustomer` (`staffid`, `customerid`) VALUES (3,52);
INSERT INTO `assignmentcustomer` (`staffid`, `customerid`) VALUES (4,52);
INSERT INTO `assignmentcustomer` (`staffid`, `customerid`) VALUES (25,55);
INSERT INTO `assignmentcustomer` (`staffid`, `customerid`) VALUES (26,55);
INSERT INTO `assignmentcustomer` (`staffid`, `customerid`) VALUES (26,56);
INSERT INTO `assignmentcustomer` (`staffid`, `customerid`) VALUES (11,56);
INSERT INTO `assignmentcustomer` (`staffid`, `customerid`) VALUES (29,56);
INSERT INTO `assignmentcustomer` (`staffid`, `customerid`) VALUES (25,53);
INSERT INTO `assignmentcustomer` (`staffid`, `customerid`) VALUES (2,53);
INSERT INTO `assignmentcustomer` (`staffid`, `customerid`) VALUES (2,51);
INSERT INTO `assignmentcustomer` (`staffid`, `customerid`) VALUES (29,51);
INSERT INTO `assignmentcustomer` (`staffid`, `customerid`) VALUES (3,51);
INSERT INTO `assignmentcustomer` (`staffid`, `customerid`) VALUES (16,50);
INSERT INTO `assignmentcustomer` (`staffid`, `customerid`) VALUES (3,50);
INSERT INTO `assignmentcustomer` (`staffid`, `customerid`) VALUES (29,50);
INSERT INTO `assignmentcustomer` (`staffid`, `customerid`) VALUES (26,59);
INSERT INTO `assignmentcustomer` (`staffid`, `customerid`) VALUES (16,59);
INSERT INTO `assignmentcustomer` (`staffid`, `customerid`) VALUES (30,59);
INSERT INTO `assignmentcustomer` (`staffid`, `customerid`) VALUES (30,60);
INSERT INTO `assignmentcustomer` (`staffid`, `customerid`) VALUES (16,60);
INSERT INTO `assignmentcustomer` (`staffid`, `customerid`) VALUES (26,60);
INSERT INTO `assignmentcustomer` (`staffid`, `customerid`) VALUES (26,62);
INSERT INTO `assignmentcustomer` (`staffid`, `customerid`) VALUES (27,62);
INSERT INTO `assignmentcustomer` (`staffid`, `customerid`) VALUES (25,62);
INSERT INTO `assignmentcustomer` (`staffid`, `customerid`) VALUES (17,63);
INSERT INTO `assignmentcustomer` (`staffid`, `customerid`) VALUES (15,63);
INSERT INTO `assignmentcustomer` (`staffid`, `customerid`) VALUES (19,63);
INSERT INTO `assignmentcustomer` (`staffid`, `customerid`) VALUES (14,63);
INSERT INTO `assignmentcustomer` (`staffid`, `customerid`) VALUES (13,65);
INSERT INTO `assignmentcustomer` (`staffid`, `customerid`) VALUES (15,65);
INSERT INTO `assignmentcustomer` (`staffid`, `customerid`) VALUES (14,65);
INSERT INTO `assignmentcustomer` (`staffid`, `customerid`) VALUES (13,66);
INSERT INTO `assignmentcustomer` (`staffid`, `customerid`) VALUES (15,66);
INSERT INTO `assignmentcustomer` (`staffid`, `customerid`) VALUES (18,66);
INSERT INTO `assignmentcustomer` (`staffid`, `customerid`) VALUES (18,64);
INSERT INTO `assignmentcustomer` (`staffid`, `customerid`) VALUES (22,64);
INSERT INTO `assignmentcustomer` (`staffid`, `customerid`) VALUES (25,64);
INSERT INTO `assignmentcustomer` (`staffid`, `customerid`) VALUES (19,64);




INSERT INTO `transactiontype` (`id`, `name`, `code`, `createddate`, `modifieddate`, `createdby`, `modifiedby`) VALUES (1,'Quá trình cskh','cskh',NULL,NULL,NULL,NULL);
INSERT INTO `transactiontype` (`id`, `name`, `code`, `createddate`, `modifieddate`, `createdby`, `modifiedby`) VALUES (2,'Dẫn đi xem','review',NULL,NULL,NULL,NULL);




INSERT INTO `user_role` (`roleid`, `userid`) VALUES (2,3);
INSERT INTO `user_role` (`roleid`, `userid`) VALUES (2,4);
INSERT INTO `user_role` (`roleid`, `userid`) VALUES (1,1);
INSERT INTO `user_role` (`roleid`, `userid`) VALUES (2,10);
INSERT INTO `user_role` (`roleid`, `userid`) VALUES (2,11);
INSERT INTO `user_role` (`roleid`, `userid`) VALUES (1,12);
INSERT INTO `user_role` (`roleid`, `userid`) VALUES (2,14);
INSERT INTO `user_role` (`roleid`, `userid`) VALUES (2,15);
INSERT INTO `user_role` (`roleid`, `userid`) VALUES (2,17);
INSERT INTO `user_role` (`roleid`, `userid`) VALUES (2,18);
INSERT INTO `user_role` (`roleid`, `userid`) VALUES (2,19);
INSERT INTO `user_role` (`roleid`, `userid`) VALUES (2,21);
INSERT INTO `user_role` (`roleid`, `userid`) VALUES (2,22);
INSERT INTO `user_role` (`roleid`, `userid`) VALUES (2,2);
INSERT INTO `user_role` (`roleid`, `userid`) VALUES (1,23);
INSERT INTO `user_role` (`roleid`, `userid`) VALUES (2,24);
INSERT INTO `user_role` (`roleid`, `userid`) VALUES (2,27);
INSERT INTO `user_role` (`roleid`, `userid`) VALUES (1,28);
INSERT INTO `user_role` (`roleid`, `userid`) VALUES (2,29);
INSERT INTO `user_role` (`roleid`, `userid`) VALUES (2,30);
INSERT INTO `user_role` (`roleid`, `userid`) VALUES (2,25);
INSERT INTO `user_role` (`roleid`, `userid`) VALUES (2,31);
INSERT INTO `user_role` (`roleid`, `userid`) VALUES (2,16);
INSERT INTO `user_role` (`roleid`, `userid`) VALUES (2,26);
INSERT INTO `user_role` (`roleid`, `userid`) VALUES (2,32);
INSERT INTO `user_role` (`roleid`, `userid`) VALUES (2,33);
INSERT INTO `user_role` (`roleid`, `userid`) VALUES (2,13);

